﻿{
  "MESH_NOISE_SCALE_MIN": 0.5,
  "MESH_NOISE_SCALE_MAX": 5.0,
  "MESH_NOISE_SCALE_VARY": 0.1,
  "MESH_NOISE_STRENGTH_MIN": 0.0,
  "MESH_NOISE_STRENGTH_MAX": 0.5,
  "MESH_NOISE_STRENGTH_VARY": 0.05,
  "SCRAPE_COUNT_MIN": 0,
  "SCRAPE_COUNT_MAX": 15,
  "SCRAPE_COUNT_VARY": 2,
  "SCRAPE_MIN_DIST_MIN": 0.1,
  "SCRAPE_MIN_DIST_MAX": 1.0,
  "SCRAPE_MIN_DIST_VARY": 0.05,
  "SCRAPE_STRENGTH_MIN": 0.1,
  "SCRAPE_STRENGTH_MAX": 0.6,
  "SCRAPE_STRENGTH_VARY": 0.05,
  "SCRAPE_RADIUS_MIN": 0.1,
  "SCRAPE_RADIUS_MAX": 0.5,
  "SCRAPE_RADIUS_VARY": 0.05,
  "SCALE_MIN": 1.0,
  "SCALE_MAX": 2.0,
  "SCALE_VARY": 0.1,
  "meshNoiseScale": 2.0,
  "meshNoiseStrength": 0.2,
  "scrapeCount": 7,
  "scrapeMinDist": 0.8,
  "scrapeStrength": 0.2,
  "scrapeRadius": 0.3,
  "scale": [
    1.0,
    1.0,
    2.0
  ],
  "varyStrength": 1.0
}